<?xml version="1.0" encoding="UTF-8"?>
<beans xmlns="http://www.springframework.org/schema/beans"
       xmlns:xsi="http://www.w3.org/2001/XMLSchema-instance"
       xmlns:security="http://www.springframework.org/schema/security"
       xmlns:webflow-config="http://www.springframework.org/schema/webflow-config"
       xsi:schemaLocation="http://www.springframework.org/schema/beans 
       http://www.springframework.org/schema/beans/spring-beans.xsd 
       http://www.springframework.org/schema/security 
       http://www.springframework.org/schema/security/spring-security.xsd 
       http://www.springframework.org/schema/webflow-config http://www.springframework.org/schema/webflow-config/spring-webflow-config.xsd">

<bean id="sessionFactory" class="org.springframework.orm.hibernate4.LocalSessionFactoryBean" >
        <property name="dataSource" ref="dataSource"></property>
        <property name="hibernateProperties" >
            <props>
                <prop key="hibernate.dialect">org.hibernate.dialect.H2Dialect</prop>
                <prop key="hibernate.hbm2ddl.auto">update</prop>             
                <prop key="hibernate.show_sql">true</prop>
                <prop key="hibernate.format_sql">true</prop>
            </props>
        </property>
        <property name="annotatedClasses"><!--  Entities -->
            <list>
               <value>com.project.model.Product</value>
               <value>com.project.model.Category</value>
              <value>com.project.model.Users</value>
                <value>com.project.model.Authorities</value>
                <value>com.project.model.Customer</value>
                <value>com.project.model.BillingAddress</value>
                <value>com.project.model.ShippingAddress</value>
                <value>com.project.model.Cart</value> 
                <value>com.project.model.CartItem</value> 
                 <value>com.project.model.CustomerOrder</value> 
            </list>
        </property>
        
    </bean>
    
    <bean id="dataSource" class="org.springframework.jdbc.datasource.DriverManagerDataSource">
        <property name="driverClassName" value="org.h2.Driver" />
        <property name="url" value="jdbc:h2:tcp://localhost/~/test" />
        <property name="username" value="sa"/>
        <property name="password" value="sa" />
    </bean>
    <bean id="transactionManager" class="org.springframework.orm.hibernate4.HibernateTransactionManager">
        <property name="sessionFactory" ref="sessionFactory" />
    </bean>
    
    <security:http auto-config="true">
<security:csrf disabled="true"/>
<security:intercept-url pattern="/index*/**" access="permitAll"/>
<security:intercept-url pattern="/Home" access="permitAll"/>
<security:intercept-url pattern="/login" access="permitAll"/>
<security:intercept-url pattern="/all/reg**" access="permitAll"/>
<security:intercept-url pattern="/all/**" access="hasAnyRole('ROLE_ADMIN','ROLE_USER')"/>
<security:intercept-url pattern="/admin/**" access="hasRole('ROLE_ADMIN')"/>


<security:form-login login-page="/login" 
authentication-failure-url="/login?error" 
login-processing-url="/j_spring_security_check" 
default-target-url="/Home" 
username-parameter="j_username" 
password-parameter="j_password"/>
<security:logout logout-success-url="/login?logout" 
logout-url="/j_spring_security_logout"/>
</security:http>
<security:authentication-manager>
<security:authentication-provider>

<security:jdbc-user-service
data-source-ref="dataSource"
authorities-by-username-query="SELECT username, role FROM authorities WHERE username = ?"
users-by-username-query="SELECT username, password, enabled FROM users WHERE username = ?" />

</security:authentication-provider>
</security:authentication-manager>

<webflow-config:flow-executor id="flowExecutor" flow-registry="flowRegistry" />

<webflow-config:flow-registry id="flowRegistry" base-path="/WEB-INF/flows">
<webflow-config:flow-location path="/checkout/checkout-flow.xml" id="checkout" />
</webflow-config:flow-registry>

<bean id="flowHandlerMapping" class="org.springframework.webflow.mvc.servlet.FlowHandlerMapping">
<property name="flowRegistry" ref="flowRegistry" />
</bean>

<bean id="flowHandlerAdapter" class="org.springframework.webflow.mvc.servlet.FlowHandlerAdapter">
<property name="flowExecutor" ref="flowExecutor" />
</bean>
    
    </beans>